model,mean_acc,std_acc,n_folds
lda,0.6437299162673448,0.1034059188297784,11
et,0.6463424646776187,0.09611839096576048,11
