subject,model,mean_acc,std_acc,n_folds
s01,svm-gpu,0.9569268635724331,0.0012281469195902209,5
