model,mean_acc,std_acc,n_folds
svm,0.5436759729272418,0.15181407907479527,11
