model,mean_acc,std_acc,n_folds
et,0.6447809720334264,0.10567407833782815,11
