model,mean_acc,std_acc,n_folds
svm,0.6316120872673273,0.13847205084039904,11
