model,mean_acc,std_acc,n_folds
et,0.694632136222059,0.14067697654916705,11
