model,mean_acc,std_acc,n_folds
et,0.5942290592813927,0.12400818908037765,11
