model,mean_acc,std_acc,n_folds
xgb,0.6562926540999534,0.09801176361982239,11
lgbm,0.6567744040676637,0.10036726788786601,11
et,0.6558533351246839,0.09494972520532029,11
