model,mean_acc,std_acc,n_folds
et,0.6234484120644933,0.1155222060796891,11
