model,mean_acc,std_acc,n_folds
svm,0.5996865866789723,0.1740175660466005,11
