model,mean_acc,std_acc,n_folds
et,0.6273623993688928,0.1458154991071723,11
