model,mean_acc,std_acc,n_folds
lda,0.5700757575757577,0.18960419982328677,11
